Lema,POS,FrequÃªncia
qui,PRON,1366
in,ADP,1245
is,PRON,1105
sum,AUX,1099
et,CCONJ,988
ad,ADP,793
sui,PRON,710
atque,CCONJ,678
hic,DET,636
ab,ADP,592
omnis,DET,574
ex,ADP,513
res,NOUN,447
ut,SCONJ,419
quod,SCONJ,413
suus,DET,380
non,PART,370
possum,VERB,363
cum,ADP,338
magnus,ADJ,331
locus,NOUN,331
cum,SCONJ,308
facio,VERB,308
pars,NOUN,270
caesar,PROPN,267
neque,CCONJ,265
noster,DET,263
legio,NOUN,230
ipse,DET,222
de,ADP,213
civitas,NOUN,209
habeo,VERB,194
si,SCONJ,189
dies,NOUN,184
ne,SCONJ,182
quam,SCONJ,176
aut,CCONJ,176
miles,NOUN,170
mitto,VERB,164
causa,NOUN,164
unus,DET,163
exercitus,NOUN,154
idem,DET,151
finis,NOUN,145
castr,NOUN,139
ille,DET,139
castra,NOUN,138
gallia,NOUN,137
consilium,NOUN,134
proelium,NOUN,132
tempus,NOUN,132
cognosco,VERB,127
dico,VERB,127
reliquus,ADJ,125
multus,DET,123
sed,CCONJ,120
per,ADP,113
hoss,NOUN,113
flumen,NOUN,112
summus,ADJ,110
bellus,NOUN,106
tamen,ADV,102
do,VERB,102
multitudo,NOUN,101
constituo,VERB,101
video,VERB,99
utor,VERB,99
primus,ADJ,99
romanus,ADJ,98
homo,NOUN,97
equitas,NOUN,92
alius,DET,91
relinquo,VERB,91
caesaris,PROPN,90
recipio,VERB,90
quis,PRON,90
bellum,NOUN,89
numerus,NOUN,88
pro,ADP,87
inter,ADP,87
nullus,DET,86
oppidus,NOUN,86
contendo,VERB,85
opus,NOUN,83
populus,NOUN,83
superior,ADJ,83
gero,VERB,83
fuga,NOUN,82
etiam,ADV,80
hostius,NOUN,78
munitio,NOUN,78
virtus,NOUN,77
auxilium,NOUN,76
animus,NOUN,74
cogo,VERB,73
longe,ADV,73
periculum,NOUN,71
equitus,NOUN,71
milius,NOUN,70
existimo,VERB,70
transeo,VERB,70
praesidium,NOUN,69
iam,ADV,68
accipio,VERB,67
capio,VERB,67
iubeo,VERB,67
propter,ADP,67
eques,NOUN,66
ante,ADP,66
venio,VERB,66
celeriter,ADV,65
impero,VERB,65
fero,VERB,65
fio,VERB,64
vido,VERB,63
accido,VERB,62
sine,ADP,62
contineo,VERB,62
coepi,VERB,62
ubi,SCONJ,62
totus,DET,62
nam,PART,61
copus,NOUN,61
quisque,DET,60
copius,NOUN,60
hostus,NOUN,59
alter,DET,59
rhenus,NOUN,58
circiter,ADV,58
pugno,VERB,58
peto,VERB,58
ibi,ADV,58
passus,NOUN,57
ita,ADV,57
impedimentum,NOUN,56
nihil,PRON,56
proficiscor,VERB,56
provincia,NOUN,55
conficio,VERB,55
frumentum,NOUN,54
spes,NOUN,54
armus,NOUN,53
instituo,VERB,53
tantus,DET,53
tum,CCONJ,53
manus,NOUN,53
prohibeo,VERB,53
discedo,VERB,52
teneo,VERB,52
interficio,VERB,52
romanus,NOUN,52
impetus,NOUN,51
copia,NOUN,51
iter,NOUN,51
salus,NOUN,51
adduco,VERB,50
certus,ADJ,50
paucus,DET,50
pes,NOUN,50
modus,NOUN,50
oppido,NOUN,49
intellego,VERB,49
pono,VERB,49
proximus,ADJ,49
parue,ADV,49
timor,NOUN,48
signum,NOUN,48
ratio,NOUN,48
imperium,NOUN,47
quidem,PART,47
legatus,NOUN,47
adventus,NOUN,46
uterque,DET,46
contra,ADP,46
apud,ADP,46
convenio,VERB,46
absum,VERB,45
obsis,NOUN,45
acies,NOUN,45
germanis,ADJ,44
arbitror,VERB,44
sustineo,VERB,44
duco,VERB,44
pervenio,VERB,44
regio,NOUN,44
fere,ADP,43
navis,NOUN,43
appello,VERB,43
spatium,NOUN,42
autem,PART,42
committo,VERB,42
nec,CCONJ,42
vallus,NOUN,42
patior,VERB,42
post,ADP,42
impedio,VERB,42
fides,NOUN,41
ariovistus,ADJ,41
nox,NOUN,40
sub,ADP,40
aeduus,NOUN,40
annus,NOUN,39
germanus,ADJ,39
caesaris,ADJ,38
ago,VERB,38
enim,PART,38
consuetudo,NOUN,38
fortuna,NOUN,38
lego,VERB,38
itinum,NOUN,38
munio,VERB,37
genus,NOUN,37
natura,NOUN,37
demonstro,VERB,37
mons,NOUN,37
labor,NOUN,37
navus,NOUN,36
intermitto,VERB,36
concilium,NOUN,36
gallum,NOUN,36
arma,NOUN,36
auctoritas,NOUN,35
paro,VERB,35
hibero,NOUN,35
confero,VERB,35
trado,VERB,35
hostius,ADJ,35
milis,ADJ,35
pons,NOUN,35
pugna,NOUN,34
deduco,VERB,34
princeps,NOUN,34
dux,NOUN,34
sequor,VERB,34
facilis,ADJ,34
sic,ADV,34
traduco,VERB,34
confirmo,VERB,34
ager,NOUN,34
dimitto,VERB,33
amicitia,NOUN,33
facultas,NOUN,33
insequor,VERB,33
usus,NOUN,32
gratia,NOUN,32
audio,VERB,32
tertius,ADJ,32
magne,ADV,31
itaque,ADV,31
pax,NOUN,31
medius,ADJ,31
iniurius,ADJ,31
venero,VERB,31
vis,NOUN,31
singulus,ADJ,31
celeritas,NOUN,31
domus,NOUN,31
romanum,NOUN,31
satis,ADV,31
ample,ADV,31
instruo,VERB,30
hostim,NOUN,30
occupo,VERB,30
vero,VERB,30
efficio,VERB,30
conor,VERB,30
communis,ADJ,30
magnitudo,NOUN,30
audeo,VERB,30
iusso,VERB,30
potestas,NOUN,30
tantum,ADV,29
dum,SCONJ,29
labienus,NOUN,29
dispono,VERB,29
defendo,VERB,29
infero,VERB,29
colloco,VERB,29
accedo,VERB,29
frumentaris,ADJ,29
haeduus,ADJ,28
item,ADV,28
ullus,DET,28
iudico,VERB,28
resisto,VERB,28
opinio,NOUN,28
nuntio,VERB,28
labien,NOUN,28
publicus,ADJ,28
ordo,NOUN,28
volo,VERB,28
agger,NOUN,28
vigo,VERB,28
casus,NOUN,28
exterior,ADJ,28
clamor,NOUN,28
altitudo,NOUN,28
reliquis,ADJ,28
quin,SCONJ,28
tela,NOUN,28
legatum,NOUN,27
nisi,SCONJ,27
posterus,ADJ,27
prius,ADV,27
quisquam,DET,27
rursus,ADV,27
nuntius,NOUN,27
gallia,PROPN,27
gallus,NOUN,27
numero,ADV,27
coniungo,VERB,27
subsidium,NOUN,27
obtineo,VERB,26
noctus,NOUN,26
etsi,SCONJ,26
castrum,NOUN,26
itieer,NOUN,26
oppugno,VERB,26
reduco,VERB,26
senatus,NOUN,26
conspectus,NOUN,25
supero,VERB,25
premo,VERB,25
subito,ADV,25
quantum,ADV,25
agr,NOUN,25
initium,NOUN,25
frater,NOUN,25
equus,NOUN,25
gallus,ADJ,25
defero,VERB,25
consuero,VERB,25
cohorto,VERB,24
administro,VERB,24
remus,NOUN,24
ius,NOUN,24
dimico,VERB,24
crassus,ADJ,24
galla,NOUN,24
par,ADJ,24
paulus,ADV,24
vero,PART,24
explorator,NOUN,24
porta,NOUN,24
paulus,ADJ,24
fossa,NOUN,24
amitto,VERB,24
velleo,VERB,24
pertineo,VERB,24
agmen,NOUN,24
vercingetorix,PROPN,24
littera,NOUN,24
reperio,VERB,24
legatus,ADJ,24
obsidus,NOUN,24
propterea,ADV,23
mos,NOUN,23
lex,NOUN,23
helvetium,NOUN,23
consisto,VERB,23
praeda,NOUN,23
armo,VERB,23
hiberna,NOUN,23
educo,VERB,23
italis,ADJ,23
eruptio,NOUN,23
simul,ADV,23
treverus,NOUN,23
aeduus,ADJ,23
comparo,VERB,23
unusquisque,DET,23
equitatus,NOUN,23
aliqui,DET,23
inopia,NOUN,23
perturbo,VERB,22
postulo,VERB,22
procedo,VERB,22
oratio,NOUN,22
doceo,VERB,22
inferus,ADJ,22
supra,ADV,22
perspicio,VERB,22
idoneus,ADJ,22
cohortus,NOUN,22
memoria,NOUN,22
scio,VERB,21
consulo,VERB,21
statuo,VERB,21
vulnis,NOUN,21
compleo,VERB,21
mors,NOUN,21
condicio,NOUN,21
silvas,NOUN,21
paruus,ADJ,21
timeo,VERB,21
tollo,VERB,21
finitus,ADJ,21
ostendo,VERB,21
omnino,ADV,21
despero,VERB,21
deditio,NOUN,21
silvum,NOUN,21
oppugnatio,NOUN,21
turra,NOUN,21
nomen,NOUN,21
muro,NOUN,21
nos,PRON,21
milius,ADJ,21
compler,ADJ,21
novus,ADJ,21
interim,ADV,21
progredior,VERB,21
intra,ADP,21
sententia,NOUN,21
moror,VERB,20
profectus,VERB,20
propono,VERB,20
lux,NOUN,20
praemium,NOUN,20
magistro,VERB,20
expedio,VERB,20
quaero,VERB,20
puto,VERB,20
quidam,DET,20
centurio,NOUN,20
reverto,VERB,20
consequor,VERB,20
vico,VERB,20
caeso,VERB,20
aditus,NOUN,20
praemitto,VERB,20
voluntas,NOUN,20
remitto,VERB,20
aperio,VERB,20
vita,NOUN,20
perterro,VERB,19
liber,NOUN,19
difficultas,NOUN,19
deligo,VERB,19
subsequor,VERB,19
paene,ADV,19
nascor,VERB,19
occido,VERB,19
regnum,NOUN,19
bellovacus,ADJ,19
calamitas,NOUN,19
probo,VERB,19
secundus,ADJ,19
captivus,ADJ,19
egredior,VERB,19
horto,VERB,19
navius,NOUN,19
exspecto,VERB,19
libertas,NOUN,19
cohor,NOUN,19
respondeo,VERB,19
britannia,NOUN,19
plerusque,DET,19
diute,ADV,18
refero,VERB,18
detrimentum,NOUN,18
insula,NOUN,18
opprimo,VERB,18
adulesco,VERB,18
propinquus,ADJ,18
is,DET,18
venibso,VERB,18
fugio,VERB,18
impetro,VERB,18
legatio,NOUN,18
vigilia,NOUN,18
oppida,NOUN,18
caesar,NOUN,18
aedificium,NOUN,18
cognoho,VERB,18
consumo,VERB,18
postea,ADV,18
militaris,ADJ,18
sequanus,NOUN,18
incito,VERB,18
officium,NOUN,18
tempestas,NOUN,18
roma,NOUN,18
oportet,VERB,18
licet,VERB,17
proelio,VERB,17
quoque,ADV,17
dignitas,NOUN,17
convoco,VERB,17
permaneo,VERB,17
tantus,ADJ,17
beneficium,NOUN,17
consto,VERB,17
ultimus,ADJ,17
magis,ADV,17
deficio,VERB,17
oceanum,NOUN,17
polliceo,VERB,17
mus,NOUN,17
hiemo,VERB,17
carnus,NOUN,17
tribunus,NOUN,17
anima,NOUN,17
succedo,VERB,17
eburo,NOUN,17
bonus,ADJ,17
inde,ADV,17
excedo,VERB,17
perpetuus,ADJ,17
via,NOUN,17
partim,ADV,17
lateo,VERB,17
exploro,VERB,16
collis,NOUN,16
quicumque,DET,16
imperator,NOUN,16
natio,NOUN,16
perterreo,VERB,16
commeatus,NOUN,16
perfero,VERB,16
dubito,VERB,16
gallias,ADJ,16
praesum,VERB,16
conloco,VERB,16
oro,VERB,16
caesaris,NOUN,16
exsistimo,VERB,16
haeduus,NOUN,16
ob,ADP,16
praeter,ADP,16
concedo,VERB,16
ego,PRON,16
adorio,VERB,16
studeo,VERB,16
pronuntio,VERB,16
tam,ADV,16
evoco,VERB,16
colla,NOUN,15
victoria,NOUN,15
ambiorigus,NOUN,15
interfacio,VERB,15
mando,VERB,15
gaius,PROPN,15
retineo,VERB,15
vulnero,VERB,15
liber,ADJ,15
prope,ADP,15
perduco,VERB,15
solum,ADV,15
motus,NOUN,15
debeo,VERB,15
rex,NOUN,15
dedo,VERB,15
servitus,NOUN,15
deiicio,VERB,15
cognovo,VERB,15
paulatim,ADV,15
belgus,ADJ,15
occurro,VERB,15
iniquus,ADJ,15
aequus,ADJ,15
quoniam,SCONJ,15
excipio,VERB,15
necessario,ADV,15
produco,VERB,15
undique,ADV,14
helvetio,NOUN,14
complerus,ADJ,14
aetas,NOUN,14
cedo,VERB,14
diligentia,NOUN,14
itaque,SCONJ,14
orior,VERB,14
longus,ADJ,14
altus,ADJ,14
quintus,ADJ,14
helvetia,NOUN,14
silva,NOUN,14
trans,NOUN,14
incolo,VERB,14
concurro,VERB,14
cursus,NOUN,14
aedus,NOUN,14
profugo,VERB,14
poena,NOUN,14
pater,NOUN,14
terra,NOUN,14
incolus,ADJ,14
suscipio,VERB,14
studium,NOUN,14
vicus,NOUN,14
vo,VERB,14
rema,NOUN,14
faciliter,ADV,14
helvetio,VERB,14
trever,NOUN,14
ripa,NOUN,14
repens,VERB,14
convenero,VERB,14
corpus,NOUN,14
cornus,NOUN,14
controversia,NOUN,14
aestus,NOUN,14
defectio,NOUN,14
portus,NOUN,14
similis,ADJ,14
distribuo,VERB,14
attribuo,VERB,14
agmus,NOUN,14
mare,NOUN,14
aliquis,PRON,14
barbarus,ADJ,13
fama,NOUN,13
qui,ADJ,13
barbo,VERB,13
spero,VERB,13
vocus,NOUN,13
persequor,VERB,13
sollicito,VERB,13
ignis,NOUN,13
reliquus,DET,13
tanto,ADV,13
inquam,VERB,13
filius,NOUN,13
arver,NOUN,13
aqua,NOUN,13
tempto,VERB,13
nervius,NOUN,13
persuadeo,VERB,13
gaius,NOUN,13
exssecto,VERB,13
vix,ADV,13
nonnullus,ADJ,13
vel,CCONJ,13
pervo,VERB,13
finitimus,ADJ,13
vies,NOUN,13
conicio,VERB,13
prodeo,VERB,13
acriter,ADV,13
annus,ADJ,13
sequanus,ADJ,13
cotidianus,ADJ,13
q,NOUN,13
complus,NOUN,13
augeo,VERB,13
interpono,VERB,13
vereo,VERB,13
rhodanus,NOUN,13
circumvo,VERB,13
circumdo,VERB,13
comprehendo,VERB,13
provideo,VERB,13
consedio,VERB,13
supplicium,NOUN,13
sol,NOUN,13
hos,NOUN,13
suebus,NOUN,13
permoueo,VERB,13
reddo,VERB,13
multo,ADV,12
vercingetorigus,NOUN,12
unde,ADV,12
reficio,VERB,12
adiungo,VERB,12
solus,DET,12
adsum,VERB,12
attingo,VERB,12
fortis,ADJ,12
alesia,NOUN,12
hora,NOUN,12
laus,NOUN,12
redeo,VERB,12
cupiditas,NOUN,12
usque,ADP,12
amicus,NOUN,12
dolor,NOUN,12
valeo,VERB,12
usuus,NOUN,12
consilis,NOUN,12
initus,ADJ,12
species,NOUN,12
praesto,VERB,12
arcedo,VERB,12
sentio,VERB,12
pecunia,NOUN,12
laboro,VERB,12
potior,VERB,12
britannus,ADJ,12
verto,VERB,12
appropinquo,VERB,12
paucitas,NOUN,12
gergovia,NOUN,12
sive,CCONJ,12
pollicitus,ADJ,12
statio,NOUN,12
concido,VERB,12
nosco,VERB,12
interfero,VERB,12
dexter,ADJ,12
vasto,VERB,12
equa,NOUN,12
circuitus,NOUN,12
noceo,VERB,12
numquam,ADV,12
communico,VERB,12
occulto,VERB,11
praeficio,VERB,11
auctor,NOUN,11
ascensus,NOUN,11
reverio,VERB,11
germanus,NOUN,11
angustus,ADJ,11
longitudo,NOUN,11
contentio,NOUN,11
incendo,VERB,11
tutus,ADJ,11
honor,NOUN,11
intercludo,VERB,11
renuntio,VERB,11
principatus,NOUN,11
demitto,VERB,11
adfero,VERB,11
victor,NOUN,11
fabius,PROPN,11
futurus,ADJ,11
crebrus,ADJ,11
naceo,VERB,11
cogito,VERB,11
pabulatio,NOUN,11
servo,VERB,11
diversus,ADJ,11
necesse,ADJ,11
sua,VERB,11
excito,VERB,11
propius,ADJ,11
verso,VERB,11
discessus,NOUN,11
interim,SCONJ,11
tribuo,VERB,11
an,SCONJ,11
conspicio,VERB,11
expono,VERB,11
intersum,VERB,11
imperavo,VERB,11
credo,VERB,11
turma,NOUN,11
legium,NOUN,11
singularis,ADJ,11
commus,NOUN,11
experior,VERB,11
indutiomarus,NOUN,11
equitesqui,NOUN,11
cotidie,ADV,11
remaneo,VERB,11
deinde,ADV,11
nondum,ADV,11
neu,SCONJ,10
palus,NOUN,10
consuevo,VERB,10
coniicio,VERB,10
imperio,VERB,10
dumnorigus,NOUN,10
compero,VERB,10
septimus,ADJ,10
gravus,ADJ,10
circum,ADP,10
telus,NOUN,10
diviciacus,NOUN,10
lacedo,VERB,10
praeero,VERB,10
nolo,VERB,10
vehementer,ADV,10
arvernus,ADJ,10
pecus,NOUN,10
maneo,VERB,10
exitus,NOUN,10
talis,DET,10
m,NOUN,10
is,NOUN,10
nobilis,ADJ,10
principis,NOUN,10
sublevo,VERB,10
liger,NOUN,10
suspicio,NOUN,10
voco,VERB,10
desum,VERB,10
minuo,VERB,10
profectio,NOUN,10
repentinus,ADJ,10
quartus,ADJ,10
victorias,ADJ,10
perficio,VERB,10
trebonium,NOUN,10
pagus,NOUN,10
morinus,NOUN,10
tot,DET,10
concursus,NOUN,10
interio,VERB,10
diligenter,ADV,10
desero,VERB,10
meritum,NOUN,10
palum,NOUN,10
missa,ADJ,10
eo,VERB,10
gladius,NOUN,10
later,NOUN,10
universus,ADJ,10
pulto,VERB,10
recipero,VERB,10
insidium,NOUN,10
inimicus,ADJ,10
intercedo,VERB,10
sumo,VERB,10
iussero,VERB,10
tardo,VERB,10
fortus,ADV,10
silentio,NOUN,10
firmus,ADJ,10
plus,ADV,10
primo,ADV,10
recuso,VERB,10
mercator,NOUN,10
ventus,NOUN,10
praefectus,NOUN,9
delectus,ADJ,9
careo,VERB,9
hic,ADJ,9
deus,NOUN,9
portas,NOUN,9
differo,VERB,9
adiriscor,VERB,9
saepe,ADV,9
obsidesqus,NOUN,9
consulus,NOUN,9
nemo,PRON,9
pateo,VERB,9
decimus,ADJ,9
pedeo,VERB,9
incipio,VERB,9
insidia,NOUN,9
biturigo,NOUN,9
oppidanus,NOUN,9
desisto,VERB,9
biturigus,NOUN,9
pedes,NOUN,9
addo,VERB,9
uxor,NOUN,9
conscribo,VERB,9
hies,NOUN,9
influo,VERB,9
simulatio,NOUN,9
iudicium,NOUN,9
sabinus,NOUN,9
palux,NOUN,9
permitto,VERB,9
antea,ADV,9
fabius,NOUN,9
quantus,DET,9
finio,VERB,9
latitudo,NOUN,9
profectus,NOUN,9
iumentum,NOUN,9
subeo,VERB,9
consensus,NOUN,9
invenio,VERB,9
statim,ADV,9
siue,CCONJ,9
aliter,ADV,9
haedus,NOUN,9
antecedo,VERB,9
ultro,ADV,9
ascendo,VERB,9
arvernus,NOUN,9
iustus,ADJ,9
caedus,NOUN,9
gens,NOUN,9
avaricus,NOUN,9
vago,VERB,9
dirigo,VERB,9
scribo,VERB,9
alienus,ADJ,9
nocturnus,ADJ,9
egridio,VERB,9
barbarum,NOUN,8
lapis,NOUN,8
occasio,NOUN,8
litaviccus,NOUN,8
pote,ADV,8
hux,NOUN,8
bene,ADV,8
redigo,VERB,8
aulercus,NOUN,8
interdico,VERB,8
offero,VERB,8
titus,NOUN,8
vallis,NOUN,8
parco,VERB,8
suessio,NOUN,8
oppidans,ADJ,8
cicero,NOUN,8
silvestris,ADJ,8
menapius,NOUN,8
dies,DET,8
incommodus,ADJ,8
imper,NOUN,8
nav,NOUN,8
cotta,NOUN,8
maritimus,ADJ,8
necessitas,NOUN,8
flamma,NOUN,8
metus,NOUN,8
scientia,NOUN,8
conservo,VERB,8
lucterus,ADJ,8
deleo,VERB,8
equester,ADJ,8
volusenus,ADJ,8
delego,VERB,8
dispero,VERB,8
sabinus,PROPN,8
amplus,ADJ,8
seno,NOUN,8
progressus,NOUN,8
calon,NOUN,8
materia,NOUN,8
iniquitas,NOUN,8
viris,NOUN,8
victorius,ADJ,8
ambiorix,NOUN,8
circumvenio,VERB,8
suspicor,VERB,8
despicio,VERB,8
bonum,NOUN,8
contingo,VERB,8
rogo,VERB,8
transporto,VERB,8
perrumpo,VERB,8
commodus,ADJ,8
censeo,VERB,8
abdo,VERB,8
recens,ADJ,8
senatum,NOUN,8
incommodus,NOUN,8
nunc,ADV,8
magnopere,ADV,8
occultus,VERB,8
gravius,ADV,8
difficilis,ADJ,8
depono,VERB,8
commutatio,NOUN,8
moveo,VERB,8
precus,NOUN,8
adventum,NOUN,8
lingo,NOUN,8
semper,ADV,8
potentia,NOUN,8
animadvo,VERB,8
moneo,VERB,8
loquor,VERB,8
commentaris,ADJ,8
postquam,SCONJ,8
commode,ADV,8
paco,VERB,8
inopino,VERB,8
plebs,NOUN,8
disciplina,NOUN,8
coniuratio,NOUN,8
adficio,VERB,8
exeo,VERB,8
enuntio,VERB,8
sequanis,NOUN,8
latus,ADJ,8
reliqui,DET,8
nobilitas,NOUN,8
saepe,SCONJ,8
sicut,SCONJ,8
cupidus,ADJ,8
mens,NOUN,8
caes,NOUN,7
integer,ADJ,7
conventus,NOUN,7
frumentumque,NOUN,7
quanto,ADV,7
deterro,VERB,7
frustra,ADV,7
consuesco,VERB,7
diviciacus,ADJ,7
latus,NOUN,7
comporto,VERB,7
confidedo,VERB,7
venetus,ADJ,7
navigo,VERB,7
negotio,NOUN,7
cupio,VERB,7
occasus,NOUN,7
onus,NOUN,7
dimo,VERB,7
citer,ADJ,7
praedo,VERB,7
bibracte,ADV,7
importo,VERB,7
biduus,ADJ,7
postridie,NOUN,7
gallex,ADJ,7
lucium,NOUN,7
septentrio,NOUN,7
adhibeo,VERB,7
nemo,ADJ,7
vulgus,NOUN,7
cohortium,NOUN,7
remoueo,VERB,7
specto,VERB,7
duplex,ADJ,7
aquitania,NOUN,7
socius,NOUN,7
situs,NOUN,7
obsidio,NOUN,7
desilio,VERB,7
ceterus,DET,7
humilis,ADJ,7
hiema,NOUN,7
extra,ADP,7
ubium,NOUN,7
lucius,PROPN,7
familia,NOUN,7
perfidium,NOUN,7
exiguus,ADJ,7
gloria,NOUN,7
ado,VERB,7
priusquam,SCONJ,7
tormens,NOUN,7
castellus,NOUN,7
perfectus,ADJ,7
iuga,NOUN,7
colloquor,VERB,7
praecipio,VERB,7
concito,VERB,7
desidero,VERB,7
sueba,NOUN,7
mereo,VERB,7
depopulo,VERB,7
proelus,NOUN,7
aestas,NOUN,7
rarus,ADJ,7
quies,NOUN,7
iuro,VERB,7
profero,VERB,7
repentinus,NOUN,7
opportunitas,NOUN,7
curo,VERB,7
intulo,VERB,7
cla,NOUN,7
conclamo,VERB,7
insignus,ADJ,7
immortalis,ADJ,7
dissensio,NOUN,7
terror,NOUN,7
infirmus,ADJ,7
incredibilis,ADJ,7
neglego,VERB,7
vinia,NOUN,7
fons,NOUN,7
cingo,VERB,7
celeriterque,ADV,7
significo,VERB,7
decedo,VERB,7
confido,VERB,7
praeterea,ADV,7
claudo,VERB,7
edo,VERB,7
ceterus,ADJ,7
secundum,ADP,7
subicio,VERB,7
factio,NOUN,7
continuus,ADJ,7
tumultus,NOUN,7
aesta,NOUN,7
exsercitatio,NOUN,7
placeo,VERB,7
conloquium,NOUN,7
redintegro,VERB,7
incido,VERB,7
circus,NOUN,7
provido,VERB,7
legionarius,ADJ,7
decerto,VERB,7
praefacio,VERB,7
emitto,VERB,7
quaestor,NOUN,7
nudo,VERB,7
incensus,ADJ,7
petio,VERB,7
propinquitas,NOUN,7
mulier,NOUN,7
conquiro,VERB,7
stipendium,NOUN,7
coicio,VERB,7
impono,VERB,7
neve,SCONJ,7
tumulus,NOUN,7
frumento,VERB,6
terga,NOUN,6
conloqui,NOUN,6
eio,VERB,6
barbarus,NOUN,6
trans,ADP,6
libero,VERB,6
angustia,NOUN,6
contraho,VERB,6
negotium,NOUN,6
medioxr,ADJ,6
vices,NOUN,6
vestigium,NOUN,6
missus,ADJ,6
atreba,NOUN,6
navigatio,NOUN,6
admiror,VERB,6
diu,ADV,6
veterus,ADJ,6
quare,ADV,6
commemoror,VERB,6
antiquitus,ADV,6
proficisco,VERB,6
consecto,VERB,6
divo,VERB,6
coniectuo,VERB,6
oculus,NOUN,6
neco,VERB,6
expugno,VERB,6
commodus,NOUN,6
murus,NOUN,6
soleo,VERB,6
vercingetor,NOUN,6
nuntio,NOUN,6
elico,VERB,6
temeritas,NOUN,6
lutetia,NOUN,6
iura,NOUN,6
cerno,VERB,6
princeps,ADJ,6
detraho,VERB,6
persua,VERB,6
libenter,ADV,6
certe,ADV,6
incendia,NOUN,6
testimonium,NOUN,6
vester,DET,6
sax,NOUN,6
expleo,VERB,6
devicio,VERB,6
caninius,NOUN,6
dimicatio,NOUN,6
drappus,NOUN,6
cicero,PROPN,6
dispergo,VERB,6
hostis,NOUN,6
intereo,VERB,6
radix,NOUN,6
essedium,NOUN,6
esse,NOUN,6
urbs,NOUN,6
audacius,NOUN,6
incursio,NOUN,6
pareo,VERB,6
gallicus,ADJ,6
adaequo,VERB,6
effero,VERB,6
cassivello,VERB,6
peius,NOUN,6
captivus,NOUN,6
ambuorigus,NOUN,6
clieo,VERB,6
adeo,ADV,6
supporto,VERB,6
iureiuro,VERB,6
at,VERB,6
nomino,VERB,6
pabulus,NOUN,6
seque,SCONJ,6
quero,VERB,6
frons,NOUN,6
defitto,VERB,6
exanimo,VERB,6
itinus,ADJ,6
subduco,VERB,6
vito,VERB,6
iugo,NOUN,6
triduus,NOUN,6
praebeo,VERB,6
plenus,ADJ,6
defensor,NOUN,6
deminuo,VERB,6
agminus,NOUN,6
castellum,NOUN,6
exspugno,VERB,6
adpropinquo,VERB,6
galba,NOUN,6
admitto,VERB,6
paulisper,ADJ,6
conspico,VERB,6
familiaris,ADJ,6
forte,ADV,6
armatura,NOUN,6
movio,VERB,6
bituris,NOUN,6
sagittarius,ADJ,6
praeceptum,NOUN,6
suosques,ADJ,6
mater,NOUN,6
creo,VERB,6
exaudio,VERB,6
ignoro,VERB,6
mitto,ADJ,6
colligo,VERB,6
graviter,ADV,6
nervius,ADJ,6
atrebatus,NOUN,6
scutus,NOUN,6
confligo,VERB,6
restituo,VERB,6
nervium,NOUN,6
mora,NOUN,6
adigo,VERB,5
tandem,ADV,5
fortiter,ADV,5
caro,NOUN,5
descendo,VERB,5
tego,VERB,5
admodus,ADJ,5
refugio,VERB,5
fleo,VERB,5
religio,NOUN,5
subvenio,VERB,5
adhorto,VERB,5
titurium,NOUN,5
perpaucus,ADJ,5
nuper,ADV,5
cur,SCONJ,5
consolo,VERB,5
exiguitas,NOUN,5
melero,ADV,5
legeonibibus,NOUN,5
carer,NOUN,5
porto,VERB,5
omnisqui,DET,5
privo,VERB,5
praedico,VERB,5
morior,VERB,5
boius,NOUN,5
interior,ADJ,5
respicio,VERB,5
consedero,VERB,5
conduco,VERB,5
inficio,VERB,5
ut,ADV,5
praefeco,VERB,5
belgius,NOUN,5
ora,NOUN,5
confideo,VERB,5
concilio,VERB,5
pilis,NOUN,5
adiuvo,VERB,5
cadurcus,NOUN,5
proxime,ADV,5
hispania,NOUN,5
supra,ADP,5
helvium,NOUN,5
inutilis,ADJ,5
rhenus,ADJ,5
constitero,VERB,5
rutenus,NOUN,5
fiducia,NOUN,5
dubius,ADJ,5
intulio,VERB,5
disicco,VERB,5
pilum,NOUN,5
cultus,NOUN,5
eporedorix,NOUN,5
belgus,NOUN,5
fastigium,NOUN,5
bellovaxus,ADJ,5
correus,ADJ,5
munitus,NOUN,5
pedesterus,ADJ,5
subsum,VERB,5
arbor,NOUN,5
latrocinium,NOUN,5
praesidus,NOUN,5
suppeto,VERB,5
visus,ADJ,5
facino,NOUN,5
longinquus,ADJ,5
revoco,VERB,5
vado,VERB,5
bello,VERB,5
introrsus,NOUN,5
exerceo,VERB,5
summitto,VERB,5
commuto,VERB,5
quaestio,NOUN,5
clientela,NOUN,5
senonus,NOUN,5
odium,NOUN,5
status,NOUN,5
sacrificium,NOUN,5
considuo,VERB,5
versus,NOUN,5
vivus,NOUN,5
terro,VERB,5
equestrus,ADJ,5
peditasque,NOUN,5
hibernum,NOUN,5
pollicitatio,NOUN,5
coniuro,VERB,5
belgas,NOUN,5
ulllus,DET,5
cimbrum,NOUN,5
civitasque,NOUN,5
aestimo,VERB,5
adgredior,VERB,5
cuniculus,NOUN,5
obsideo,VERB,5
arrogantia,NOUN,5
iuvo,VERB,5
allobrogus,NOUN,5
possessio,NOUN,5
quam,NOUN,5
necessarius,ADJ,5
cepiro,VERB,5
libere,ADV,5
pompeius,NOUN,5
perlo,VERB,5
vacuus,ADJ,5
populo,VERB,5
colo,VERB,5
vestio,VERB,5
gravius,ADJ,5
vindico,VERB,5
iussisto,VERB,5
integerr,ADJ,5
prosequor,VERB,5
tolero,VERB,5
satisfacio,VERB,5
vaco,VERB,5
novissimus,ADJ,5
praesentia,NOUN,5
expullo,VERB,5
ibique,SCONJ,5
puer,NOUN,5
averto,VERB,5
intercipio,VERB,5
partior,VERB,5
nitor,VERB,5
adeo,VERB,5
tametsi,SCONJ,5
insto,VERB,5
omnisque,ADJ,5
improvisus,NOUN,5
centurium,NOUN,5
pristinas,ADJ,5
iterum,ADV,5
iturus,ADJ,5
servus,NOUN,5
vectigalis,ADJ,5
nuntius,ADJ,5
quamquam,SCONJ,5
interim,ADP,5
castrisqui,NOUN,5
iungo,VERB,5
collus,NOUN,5
exemplum,NOUN,5
nego,VERB,5
litor,NOUN,5
figura,NOUN,5
obtestor,VERB,5
insisto,VERB,5
meus,DET,5
iaceo,VERB,5
curavo,VERB,5
adfligo,VERB,5
cado,VERB,5
conspicico,VERB,5
constiteo,VERB,5
meridio,NOUN,5
sextius,ADJ,5
equitasque,NOUN,5
effugio,VERB,5
perago,VERB,5
vesper,NOUN,5
advisceo,VERB,5
onerarius,ADJ,5
vadus,NOUN,5
vir,NOUN,5
procurro,VERB,5
expello,VERB,5
significatio,NOUN,5
demigro,VERB,5
menapium,NOUN,5
aliuo,VERB,5
mandatum,NOUN,5
ineo,VERB,5
spons,NOUN,5
incersus,ADJ,5
conspexso,VERB,5
propugno,VERB,5
invo,VERB,5
neglectus,ADJ,5
impello,VERB,5
immitto,VERB,5
disto,VERB,5
destituo,VERB,5
depreco,VERB,5
vinio,VERB,5
pulio,VERB,5
procul,NOUN,5
telis,NOUN,5
praescribo,VERB,5
noviodunus,NOUN,5
